<environmentvariabledefinition schemaname="new_shared_sharepointonline_1c8b3e0eeb9e49ea91c61ddc6fd84d0b">
  <apiid>/providers/microsoft.powerapps/apis/shared_sharepointonline</apiid>
  <displayname default="Travel Authorization Approver Details">
    <label description="Travel Authorization Approver Details" languagecode="1033" />
  </displayname>
  <introducedversion>1.0.0.0</introducedversion>
  <iscustomizable>1</iscustomizable>
  <isrequired>0</isrequired>
  <parameterkey>table</parameterkey>
  <parentdefinitionid>
    <schemaname>tsinfo_shared_sharepointonline_97cead528c0b49b495a0177fcac23f47</schemaname>
  </parentdefinitionid>
  <secretstore>0</secretstore>
  <type>100000004</type>
</environmentvariabledefinition>