<environmentvariabledefinition schemaname="new_shared_sharepointonline_59dae62c6e074c3ab16892dea90bdae2">
  <apiid>/providers/microsoft.powerapps/apis/shared_sharepointonline</apiid>
  <displayname default="Travel Authorization Family Data">
    <label description="Travel Authorization Family Data" languagecode="1033" />
  </displayname>
  <introducedversion>1.0.0.0</introducedversion>
  <iscustomizable>1</iscustomizable>
  <isrequired>0</isrequired>
  <parameterkey>table</parameterkey>
  <parentdefinitionid>
    <schemaname>tsinfo_shared_sharepointonline_97cead528c0b49b495a0177fcac23f47</schemaname>
  </parentdefinitionid>
  <secretstore>0</secretstore>
  <type>100000004</type>
</environmentvariabledefinition>