<ImportExportXml xmlns:xsi="http://www.w3.org/2001/XMLSchema-instance">
  <Entities></Entities>
  <Roles></Roles>
  <Workflows>
    <Workflow WorkflowId="{68727e89-3361-ef11-bfe2-000d3a353f1f}" Name="Travel Authorization - Generate Requester ID">
      <JsonFileName>/Workflows/TravelAuthorization-GenerateRequesterID-68727E89-3361-EF11-BFE2-000D3A353F1F.json</JsonFileName>
      <Type>1</Type>
      <Subprocess>0</Subprocess>
      <Category>5</Category>
      <Mode>0</Mode>
      <Scope>4</Scope>
      <OnDemand>0</OnDemand>
      <TriggerOnCreate>0</TriggerOnCreate>
      <TriggerOnDelete>0</TriggerOnDelete>
      <AsyncAutodelete>0</AsyncAutodelete>
      <SyncWorkflowLogOnFailure>0</SyncWorkflowLogOnFailure>
      <StateCode>1</StateCode>
      <StatusCode>2</StatusCode>
      <RunAs>1</RunAs>
      <IsTransacted>1</IsTransacted>
      <IntroducedVersion>1.0.0.0</IntroducedVersion>
      <IsCustomizable>1</IsCustomizable>
      <BusinessProcessType>0</BusinessProcessType>
      <IsCustomProcessingStepAllowedForOtherPublishers>1</IsCustomProcessingStepAllowedForOtherPublishers>
      <PrimaryEntity>none</PrimaryEntity>
      <LocalizedNames>
        <LocalizedName languagecode="1033" description="Travel Authorization - Generate Requester ID" />
      </LocalizedNames>
    </Workflow>
    <Workflow WorkflowId="{28fa254a-5261-ef11-bfe2-000d3a353f1f}" Name="Travel Authorization - Approval Process">
      <JsonFileName>/Workflows/TravelAuthorization-ApprovalProcess-28FA254A-5261-EF11-BFE2-000D3A353F1F.json</JsonFileName>
      <Type>1</Type>
      <Subprocess>0</Subprocess>
      <Category>5</Category>
      <Mode>0</Mode>
      <Scope>4</Scope>
      <OnDemand>0</OnDemand>
      <TriggerOnCreate>0</TriggerOnCreate>
      <TriggerOnDelete>0</TriggerOnDelete>
      <AsyncAutodelete>0</AsyncAutodelete>
      <SyncWorkflowLogOnFailure>0</SyncWorkflowLogOnFailure>
      <StateCode>1</StateCode>
      <StatusCode>2</StatusCode>
      <RunAs>1</RunAs>
      <IsTransacted>1</IsTransacted>
      <IntroducedVersion>1.0.0.0</IntroducedVersion>
      <IsCustomizable>1</IsCustomizable>
      <BusinessProcessType>0</BusinessProcessType>
      <IsCustomProcessingStepAllowedForOtherPublishers>1</IsCustomProcessingStepAllowedForOtherPublishers>
      <PrimaryEntity>none</PrimaryEntity>
      <LocalizedNames>
        <LocalizedName languagecode="1033" description="Travel Authorization - Approval Process" />
      </LocalizedNames>
    </Workflow>
  </Workflows>
  <FieldSecurityProfiles></FieldSecurityProfiles>
  <Templates />
  <EntityMaps />
  <EntityRelationships />
  <OrganizationSettings />
  <optionsets />
  <CustomControls />
  <EntityDataProviders />
  <CanvasApps>
    <CanvasApp>
      <Name>tsinfo_travelauthorizationdetailsapplication_9c728</Name>
      <AppVersion>2024-09-11T06:19:06Z</AppVersion>
      <Status>Ready</Status>
      <CreatedByClientVersion>3.24084.21.0</CreatedByClientVersion>
      <MinClientVersion>3.24084.21.0</MinClientVersion>
      <Tags>{"primaryDeviceWidth":"1366","primaryDeviceHeight":"768","supportsPortrait":"true","supportsLandscape":"true","primaryFormFactor":"Tablet","showStatusBar":"false","publisherVersion":"3.24084.21","minimumRequiredApiVersion":"2.2.0","hasComponent":"false","hasUnlockedComponent":"false","isUnifiedRootApp":"false","sienaVersion":"20240910T171622Z-3.24084.21.0"}</Tags>
      <IsCdsUpgraded>0</IsCdsUpgraded>
      <GalleryItemId xsi:nil="true"></GalleryItemId>
      <BackgroundColor>RGBA(0,176,240,1)</BackgroundColor>
      <DisplayName>Travel Authorization Details Application</DisplayName>
      <Description xsi:nil="true"></Description>
      <CommitMessage xsi:nil="true"></CommitMessage>
      <Publisher xsi:nil="true"></Publisher>
      <AuthorizationReferences>[]</AuthorizationReferences>
      <ConnectionReferences>{"b10b192b-d475-43eb-8541-3a4ae8f49a60":{"id":"/providers/microsoft.powerapps/apis/shared_sharepointonline","displayName":"SharePoint","iconUri":"https://connectoricons-prod.azureedge.net/u/jayawan/releases/v1.0.1697/1.0.1697.3786/sharepointonline/icon.png","dataSources":["Travel Authorization Approver Details","Travel Authorization Details","Travel Authorization Family Data","Travel Authorization Flight Details"],"dependencies":[],"dependents":[],"parameterHints":{},"parameterHintsV2":{},"isOnPremiseConnection":false,"bypassConsent":false,"dataSets":{"https://szg52.sharepoint.com/sites/TravelAuthoization_tsinfo_shared_sharepointonline_97cead528c0b49b495a0177fcac23f47":{"datasetOverride":{"name":"https://szg52.sharepoint.com/sites/TravelAuthoization","environmentVariableName":"tsinfo_shared_sharepointonline_97cead528c0b49b495a0177fcac23f47"},"dataSources":{"Travel Authorization Approver Details":{"tableName":"d3fa6afb-bc0c-4a70-a615-32512cd64f36","tableNameOverride":{"name":"d3fa6afb-bc0c-4a70-a615-32512cd64f36","environmentVariableName":"new_shared_sharepointonline_1c8b3e0eeb9e49ea91c61ddc6fd84d0b"}},"Travel Authorization Details":{"tableName":"2f919bc8-ca59-47e9-9a41-f61f846edd0f","tableNameOverride":{"name":"2f919bc8-ca59-47e9-9a41-f61f846edd0f","environmentVariableName":"new_shared_sharepointonline_208b5b4be59f4d7589c6fc944e9c86ec"}},"Travel Authorization Family Data":{"tableName":"45a229ea-a38f-411e-9493-131deb70a142","tableNameOverride":{"name":"45a229ea-a38f-411e-9493-131deb70a142","environmentVariableName":"new_shared_sharepointonline_59dae62c6e074c3ab16892dea90bdae2"}},"Travel Authorization Flight Details":{"tableName":"cb77009c-8cbe-4695-bde0-698436e4f24f","tableNameOverride":{"name":"cb77009c-8cbe-4695-bde0-698436e4f24f","environmentVariableName":"new_shared_sharepointonline_844199d5c84f479397c5977c272ec3dd"}}}}},"apiTier":"Standard","actions":["providers/PowerPlatform.Governance/Operations/Read","providers/PowerPlatform.Governance/Operations/Write"]},"7c5143ba-eb85-4d2a-b5da-c4f042866217":{"id":"/providers/microsoft.powerapps/apis/shared_office365users","displayName":"Office 365 Users","iconUri":"https://connectoricons-prod.azureedge.net/releases/v1.0.1702/1.0.1702.3810/office365users/icon.png","dataSources":["Office365Users"],"dependencies":[],"dependents":[],"parameterHints":{},"parameterHintsV2":{},"isOnPremiseConnection":false,"bypassConsent":false,"dataSets":{},"apiTier":"Standard","actions":["UserProfile"]}}</ConnectionReferences>
      <DatabaseReferences>{}</DatabaseReferences>
      <AppComponents>[]</AppComponents>
      <AppComponentDependencies>[]</AppComponentDependencies>
      <CanConsumeAppPass>0</CanConsumeAppPass>
      <CanvasAppType>0</CanvasAppType>
      <BypassConsent>0</BypassConsent>
      <AdminControlBypassConsent>0</AdminControlBypassConsent>
      <EmbeddedApp xsi:nil="true"></EmbeddedApp>
      <IntroducedVersion>1.0</IntroducedVersion>
      <CdsDependencies>{"cdsdependencies":[{"logicalname":"tsinfo_shared_sharepointonline_97cead528c0b49b495a0177fcac23f47","componenttype":380,"componenttypeplatformname":"EnvironmentVariableDefinition"},{"logicalname":"new_shared_sharepointonline_1c8b3e0eeb9e49ea91c61ddc6fd84d0b","componenttype":380,"componenttypeplatformname":"EnvironmentVariableDefinition"},{"logicalname":"new_shared_sharepointonline_208b5b4be59f4d7589c6fc944e9c86ec","componenttype":380,"componenttypeplatformname":"EnvironmentVariableDefinition"},{"logicalname":"new_shared_sharepointonline_59dae62c6e074c3ab16892dea90bdae2","componenttype":380,"componenttypeplatformname":"EnvironmentVariableDefinition"},{"logicalname":"new_shared_sharepointonline_844199d5c84f479397c5977c272ec3dd","componenttype":380,"componenttypeplatformname":"EnvironmentVariableDefinition"}]}</CdsDependencies>
      <IsCustomizable>1</IsCustomizable>
      <BackgroundImageUri>/CanvasApps/tsinfo_travelauthorizationdetailsapplication_31954_BackgroundImageUri</BackgroundImageUri>
      <DocumentUri>/CanvasApps/tsinfo_travelauthorizationdetailsapplication_89660_DocumentUri.msapp</DocumentUri>
      <AdditionalUris>
        <AdditionalUri>/CanvasApps/tsinfo_travelauthorizationdetailsapplication_02371_AdditionalUris0_identity.json</AdditionalUri>
      </AdditionalUris>
    </CanvasApp>
  </CanvasApps>
  <connectionreferences>
    <connectionreference connectionreferencelogicalname="new_sharedonedriveforbusiness_e2119">
      <connectionreferencedisplayname>OneDrive for Business</connectionreferencedisplayname>
      <connectorid>/providers/Microsoft.PowerApps/apis/shared_onedriveforbusiness</connectorid>
      <iscustomizable>1</iscustomizable>
      <statecode>0</statecode>
      <statuscode>1</statuscode>
    </connectionreference>
    <connectionreference connectionreferencelogicalname="tsinfo_sharedapprovals_58a93">
      <connectionreferencedisplayname>Approvals LeaveManagement-58a93</connectionreferencedisplayname>
      <connectorid>/providers/Microsoft.PowerApps/apis/shared_approvals</connectorid>
      <iscustomizable>1</iscustomizable>
      <statecode>0</statecode>
      <statuscode>1</statuscode>
    </connectionreference>
    <connectionreference connectionreferencelogicalname="tsinfo_sharedoffice365_0ffef">
      <connectionreferencedisplayname>Office 365 Outlook LeaveManagement-0ffef</connectionreferencedisplayname>
      <connectorid>/providers/Microsoft.PowerApps/apis/shared_office365</connectorid>
      <iscustomizable>1</iscustomizable>
      <statecode>0</statecode>
      <statuscode>1</statuscode>
    </connectionreference>
    <connectionreference connectionreferencelogicalname="tsinfo_sharedsharepointonline_37741">
      <connectionreferencedisplayname>SharePoint Solution_TravelAuthorization-37741</connectionreferencedisplayname>
      <connectorid>/providers/Microsoft.PowerApps/apis/shared_sharepointonline</connectorid>
      <iscustomizable>1</iscustomizable>
      <statecode>0</statecode>
      <statuscode>1</statuscode>
    </connectionreference>
    <connectionreference connectionreferencelogicalname="tsinfo_sharedsharepointonline_9cc87">
      <connectionreferencedisplayname>SharePoint LeaveManagement-9cc87</connectionreferencedisplayname>
      <connectorid>/providers/Microsoft.PowerApps/apis/shared_sharepointonline</connectorid>
      <iscustomizable>1</iscustomizable>
      <statecode>0</statecode>
      <statuscode>1</statuscode>
    </connectionreference>
    <connectionreference connectionreferencelogicalname="tsinfo_sharedsharepointonline_ba339">
      <connectionreferencedisplayname>SharePoint Solution_TravelAuthorization-ba339</connectionreferencedisplayname>
      <connectorid>/providers/Microsoft.PowerApps/apis/shared_sharepointonline</connectorid>
      <iscustomizable>1</iscustomizable>
      <statecode>0</statecode>
      <statuscode>1</statuscode>
    </connectionreference>
    <connectionreference connectionreferencelogicalname="tsinfo_sharedteams_c5aaf">
      <connectionreferencedisplayname>Microsoft Teams LeaveManagement-c5aaf</connectionreferencedisplayname>
      <connectorid>/providers/Microsoft.PowerApps/apis/shared_teams</connectorid>
      <iscustomizable>1</iscustomizable>
      <statecode>0</statecode>
      <statuscode>1</statuscode>
    </connectionreference>
  </connectionreferences>
  <Languages>
    <Language>1033</Language>
  </Languages>
</ImportExportXml>