{
  "properties": {
    "connectionReferences": {
      "shared_sharepointonline": {
        "runtimeSource": "embedded",
        "connection": {
          "connectionReferenceLogicalName": "tsinfo_sharedsharepointonline_ba339"
        },
        "api": {
          "name": "shared_sharepointonline"
        }
      },
      "shared_sharepointonline_1": {
        "runtimeSource": "embedded",
        "connection": {
          "connectionReferenceLogicalName": "tsinfo_sharedsharepointonline_9cc87"
        },
        "api": {
          "name": "shared_sharepointonline"
        }
      },
      "shared_office365": {
        "runtimeSource": "embedded",
        "connection": {
          "connectionReferenceLogicalName": "tsinfo_sharedoffice365_0ffef"
        },
        "api": {
          "name": "shared_office365"
        }
      }
    },
    "definition": {
      "$schema": "https://schema.management.azure.com/providers/Microsoft.Logic/schemas/2016-06-01/workflowdefinition.json#",
      "contentVersion": "1.0.0.0",
      "parameters": {
        "$connections": {
          "defaultValue": {},
          "type": "Object"
        },
        "$authentication": {
          "defaultValue": {},
          "type": "SecureObject"
        },
        "TravelAuthoization - https://szg52.sharepoint.com/sites/TravelAuthoization (tsinfo_shared_sharepointonline_97cead528c0b49b495a0177fcac23f47)": {
          "defaultValue": "https://szg52.sharepoint.com/sites/TravelAuthoization",
          "type": "String",
          "metadata": {
            "schemaName": "tsinfo_shared_sharepointonline_97cead528c0b49b495a0177fcac23f47"
          }
        },
        "Travel Authorization Details (new_shared_sharepointonline_208b5b4be59f4d7589c6fc944e9c86ec)": {
          "defaultValue": "2f919bc8-ca59-47e9-9a41-f61f846edd0f",
          "type": "String",
          "metadata": {
            "schemaName": "new_shared_sharepointonline_208b5b4be59f4d7589c6fc944e9c86ec"
          }
        },
        "Travel Authorization Family Data (new_shared_sharepointonline_59dae62c6e074c3ab16892dea90bdae2)": {
          "defaultValue": "45a229ea-a38f-411e-9493-131deb70a142",
          "type": "String",
          "metadata": {
            "schemaName": "new_shared_sharepointonline_59dae62c6e074c3ab16892dea90bdae2"
          }
        },
        "Travel Authorization Flight Details (new_shared_sharepointonline_844199d5c84f479397c5977c272ec3dd)": {
          "defaultValue": "cb77009c-8cbe-4695-bde0-698436e4f24f",
          "type": "String",
          "metadata": {
            "schemaName": "new_shared_sharepointonline_844199d5c84f479397c5977c272ec3dd"
          }
        }
      },
      "triggers": {
        "When_an_item_is_created_|_Travel_Authorization_Details": {
          "recurrence": {
            "interval": 3,
            "frequency": "Minute"
          },
          "splitOn": "@triggerOutputs()?['body/value']",
          "metadata": {
            "operationMetadataId": "e7e42484-b60f-4e64-9dfa-10336f550923"
          },
          "type": "OpenApiConnection",
          "inputs": {
            "host": {
              "connectionName": "shared_sharepointonline",
              "operationId": "GetOnNewItems",
              "apiId": "/providers/Microsoft.PowerApps/apis/shared_sharepointonline"
            },
            "parameters": {
              "dataset": "@parameters('TravelAuthoization - https://szg52.sharepoint.com/sites/TravelAuthoization (tsinfo_shared_sharepointonline_97cead528c0b49b495a0177fcac23f47)')",
              "table": "@parameters('Travel Authorization Details (new_shared_sharepointonline_208b5b4be59f4d7589c6fc944e9c86ec)')"
            },
            "authentication": "@parameters('$authentication')"
          }
        }
      },
      "actions": {
        "Get_items_|_Travel_Authorization_Family_Data": {
          "runAfter": {},
          "metadata": {
            "operationMetadataId": "ed439fb4-4552-4253-a0ee-6569d433a962"
          },
          "type": "OpenApiConnection",
          "inputs": {
            "host": {
              "connectionName": "shared_sharepointonline",
              "operationId": "GetItems",
              "apiId": "/providers/Microsoft.PowerApps/apis/shared_sharepointonline"
            },
            "parameters": {
              "dataset": "@parameters('TravelAuthoization - https://szg52.sharepoint.com/sites/TravelAuthoization (tsinfo_shared_sharepointonline_97cead528c0b49b495a0177fcac23f47)')",
              "table": "@parameters('Travel Authorization Family Data (new_shared_sharepointonline_59dae62c6e074c3ab16892dea90bdae2)')",
              "$filter": "RequesterName/EMail eq '@{triggerBody()?['RequesterName']?['Email']}' and RequesterID eq null"
            },
            "authentication": "@parameters('$authentication')"
          }
        },
        "Get_items_|_Travel_Authorization_Flight_Details": {
          "runAfter": {
            "Get_items_|_Travel_Authorization_Family_Data": [
              "Succeeded"
            ]
          },
          "metadata": {
            "operationMetadataId": "89e3425f-01cf-430b-b978-9c704a298cf8"
          },
          "type": "OpenApiConnection",
          "inputs": {
            "host": {
              "connectionName": "shared_sharepointonline",
              "operationId": "GetItems",
              "apiId": "/providers/Microsoft.PowerApps/apis/shared_sharepointonline"
            },
            "parameters": {
              "dataset": "@parameters('TravelAuthoization - https://szg52.sharepoint.com/sites/TravelAuthoization (tsinfo_shared_sharepointonline_97cead528c0b49b495a0177fcac23f47)')",
              "table": "@parameters('Travel Authorization Flight Details (new_shared_sharepointonline_844199d5c84f479397c5977c272ec3dd)')",
              "$filter": "RequesterName/EMail eq '@{triggerBody()?['RequesterName']?['Email']}' and RequesterID eq null"
            },
            "authentication": "@parameters('$authentication')"
          }
        },
        "Update_item_|_Travel_Authorization_Details": {
          "runAfter": {
            "Compose_|_Requester_Signature": [
              "Succeeded"
            ]
          },
          "metadata": {
            "operationMetadataId": "480f7f3e-2ade-4a09-a603-2f84a4970f55"
          },
          "type": "OpenApiConnection",
          "inputs": {
            "host": {
              "connectionName": "shared_sharepointonline_1",
              "operationId": "PatchItem",
              "apiId": "/providers/Microsoft.PowerApps/apis/shared_sharepointonline"
            },
            "parameters": {
              "dataset": "@parameters('TravelAuthoization - https://szg52.sharepoint.com/sites/TravelAuthoization (tsinfo_shared_sharepointonline_97cead528c0b49b495a0177fcac23f47)')",
              "table": "@parameters('Travel Authorization Details (new_shared_sharepointonline_208b5b4be59f4d7589c6fc944e9c86ec)')",
              "id": "@triggerBody()?['ID']",
              "item/RequesterID": "@outputs('Compose_|_Travel_Requester_ID')",
              "item/LineManagerApproval/Value": "Pending",
              "item/Status/Value": "Line Manager Pending",
              "item/RequesterSignature": "@outputs('Compose_|_Requester_Signature')"
            },
            "authentication": "@parameters('$authentication')"
          }
        },
        "Apply_to_each_|_Family_Data": {
          "foreach": "@outputs('Get_items_|_Travel_Authorization_Family_Data')?['body/value']",
          "actions": {
            "Update_item_|_Travel_Authorization_Family_Data": {
              "runAfter": {},
              "metadata": {
                "operationMetadataId": "f2fba23b-c7eb-4fa4-8138-416c19751530"
              },
              "type": "OpenApiConnection",
              "inputs": {
                "host": {
                  "connectionName": "shared_sharepointonline_1",
                  "operationId": "PatchItem",
                  "apiId": "/providers/Microsoft.PowerApps/apis/shared_sharepointonline"
                },
                "parameters": {
                  "dataset": "@parameters('TravelAuthoization - https://szg52.sharepoint.com/sites/TravelAuthoization (tsinfo_shared_sharepointonline_97cead528c0b49b495a0177fcac23f47)')",
                  "table": "@parameters('Travel Authorization Family Data (new_shared_sharepointonline_59dae62c6e074c3ab16892dea90bdae2)')",
                  "id": "@items('Apply_to_each_|_Family_Data')?['ID']",
                  "item/RequesterID": "@outputs('Compose_|_Travel_Requester_ID')"
                },
                "authentication": "@parameters('$authentication')"
              }
            }
          },
          "runAfter": {
            "Update_item_|_Travel_Authorization_Details": [
              "Succeeded"
            ]
          },
          "metadata": {
            "operationMetadataId": "04d206f9-b6c2-45af-ae87-1ea7431d7ca3"
          },
          "type": "Foreach"
        },
        "Apply_to_each_|_Flight_Details": {
          "foreach": "@outputs('Get_items_|_Travel_Authorization_Flight_Details')?['body/value']",
          "actions": {
            "Update_item_|_Travel_Authorization_Flight_Details": {
              "runAfter": {},
              "metadata": {
                "operationMetadataId": "1fbdda0e-fcce-4490-9232-dd39a5520e98"
              },
              "type": "OpenApiConnection",
              "inputs": {
                "host": {
                  "connectionName": "shared_sharepointonline_1",
                  "operationId": "PatchItem",
                  "apiId": "/providers/Microsoft.PowerApps/apis/shared_sharepointonline"
                },
                "parameters": {
                  "dataset": "@parameters('TravelAuthoization - https://szg52.sharepoint.com/sites/TravelAuthoization (tsinfo_shared_sharepointonline_97cead528c0b49b495a0177fcac23f47)')",
                  "table": "@parameters('Travel Authorization Flight Details (new_shared_sharepointonline_844199d5c84f479397c5977c272ec3dd)')",
                  "id": "@items('Apply_to_each_|_Flight_Details')?['ID']",
                  "item/RequesterID": "@outputs('Compose_|_Travel_Requester_ID')"
                },
                "authentication": "@parameters('$authentication')"
              }
            }
          },
          "runAfter": {
            "Apply_to_each_|_Family_Data": [
              "Succeeded"
            ]
          },
          "metadata": {
            "operationMetadataId": "4444211d-9621-4ac8-9789-57a50f2b18e8"
          },
          "type": "Foreach"
        },
        "Initialize_variable_|_var_Approvers": {
          "runAfter": {
            "Get_items_|_Travel_Authorization_Flight_Details": [
              "Succeeded"
            ]
          },
          "metadata": {
            "operationMetadataId": "9458f486-f58e-493e-87d7-29cde4aab1c7"
          },
          "type": "InitializeVariable",
          "inputs": {
            "variables": [
              {
                "name": "varApprovers",
                "type": "string"
              }
            ]
          }
        },
        "Initialize_variable_|_var_Travel_Requester_ID_Prefix": {
          "runAfter": {
            "Initialize_variable_|_var_Approvers": [
              "Succeeded"
            ]
          },
          "metadata": {
            "operationMetadataId": "8b157669-369a-47fa-bf8f-c2639cf3669b"
          },
          "type": "InitializeVariable",
          "inputs": {
            "variables": [
              {
                "name": "varTravelRequesterIDPrefix",
                "type": "string",
                "value": "Travel-Req "
              }
            ]
          }
        },
        "Initialize_variable_|_var_Attachments": {
          "runAfter": {
            "Initialize_variable_|_var_Travel_Requester_ID_Prefix": [
              "Succeeded"
            ]
          },
          "metadata": {
            "operationMetadataId": "b24dfce7-d46d-4d40-9db1-0559aa5e027d"
          },
          "type": "InitializeVariable",
          "inputs": {
            "variables": [
              {
                "name": "varAttachments",
                "type": "array"
              }
            ]
          }
        },
        "Compose_|_Random_Number": {
          "runAfter": {
            "Initialize_variable_|_var_Attachments": [
              "Succeeded"
            ]
          },
          "metadata": {
            "operationMetadataId": "a14f4862-9bf7-4efb-9b1d-4eb8204bcfd2"
          },
          "type": "Compose",
          "inputs": "@rand(1,9999)"
        },
        "Compose_|_Travel_Requester_ID": {
          "runAfter": {
            "Compose_|_Random_Number": [
              "Succeeded"
            ]
          },
          "metadata": {
            "operationMetadataId": "8d199071-1cba-4c05-9a51-df8811668473"
          },
          "type": "Compose",
          "inputs": "@concat(variables('varTravelRequesterIDPrefix'),outputs('Compose_|_Random_Number'),triggerBody()?['ID'])"
        },
        "Compose_|_Requester_Signature": {
          "runAfter": {
            "Compose_|_Travel_Requester_ID": [
              "Succeeded"
            ]
          },
          "metadata": {
            "operationMetadataId": "0dbfeda6-afd8-442d-9778-b8c5861eadf3"
          },
          "type": "Compose",
          "inputs": "Submitted via e-workflow system by:<br>\n@{if(equals(triggerBody()?['IsExternalRequester'],true),triggerBody()?['ExternalRequesterName'],triggerBody()?['RequesterName']?['DisplayName'])} (Requester)<br>\nTitle: @{if(equals(triggerBody()?['IsExternalRequester'],true),concat('N/A'),triggerBody()?['RequesterName']?['JobTitle'])}<br>\nDate: @{concat(\r\n    formatDateTime(utcNow(), 'dd'),\r\n    if(or(and(greaterOrEquals(int(formatDateTime(utcNow(), 'dd')), 11), lessOrEquals(int(formatDateTime(utcNow(), 'dd')), 13)), equals(mod(int(formatDateTime(utcNow(), 'dd')), 10), 0)), 'th',\r\n    if(equals(mod(int(formatDateTime(utcNow(), 'dd')), 10), 1), 'st',\r\n    if(equals(mod(int(formatDateTime(utcNow(), 'dd')), 10), 2), 'nd',\r\n    if(equals(mod(int(formatDateTime(utcNow(), 'dd')), 10), 3), 'rd', 'th')))),\r\n    ' ',\r\n    formatDateTime(utcNow(), 'MMMM yyyy, hh:mm tt')\r\n)}<br>\nRequest Tracking Number: @{outputs('Compose_|_Travel_Requester_ID')}"
        },
        "Get_attachments_|_Travel_Authorization_Details": {
          "runAfter": {
            "Apply_to_each_|_Flight_Details": [
              "Succeeded"
            ]
          },
          "metadata": {
            "operationMetadataId": "9ad9ef86-b1ad-48e6-9657-6a16444b0a14"
          },
          "type": "OpenApiConnection",
          "inputs": {
            "host": {
              "connectionName": "shared_sharepointonline_1",
              "operationId": "GetItemAttachments",
              "apiId": "/providers/Microsoft.PowerApps/apis/shared_sharepointonline"
            },
            "parameters": {
              "dataset": "@parameters('TravelAuthoization - https://szg52.sharepoint.com/sites/TravelAuthoization (tsinfo_shared_sharepointonline_97cead528c0b49b495a0177fcac23f47)')",
              "table": "@parameters('Travel Authorization Details (new_shared_sharepointonline_208b5b4be59f4d7589c6fc944e9c86ec)')",
              "itemId": "@triggerBody()?['ID']"
            },
            "authentication": "@parameters('$authentication')"
          }
        },
        "For_each_|_Attachment": {
          "foreach": "@outputs('Get_attachments_|_Travel_Authorization_Details')?['body']",
          "actions": {
            "Get_attachment_content_|_Travel_Authorization_Details": {
              "runAfter": {},
              "metadata": {
                "operationMetadataId": "b656d389-e787-46a3-9145-782efa3166ea"
              },
              "type": "OpenApiConnection",
              "inputs": {
                "host": {
                  "connectionName": "shared_sharepointonline_1",
                  "operationId": "GetAttachmentContent",
                  "apiId": "/providers/Microsoft.PowerApps/apis/shared_sharepointonline"
                },
                "parameters": {
                  "dataset": "@parameters('TravelAuthoization - https://szg52.sharepoint.com/sites/TravelAuthoization (tsinfo_shared_sharepointonline_97cead528c0b49b495a0177fcac23f47)')",
                  "table": "@parameters('Travel Authorization Details (new_shared_sharepointonline_208b5b4be59f4d7589c6fc944e9c86ec)')",
                  "itemId": "@triggerBody()?['ID']",
                  "attachmentId": "@item()?['Id']"
                },
                "authentication": "@parameters('$authentication')"
              }
            },
            "Append_to_array_variable_|_var_Attachments": {
              "runAfter": {
                "Get_attachment_content_|_Travel_Authorization_Details": [
                  "Succeeded"
                ]
              },
              "metadata": {
                "operationMetadataId": "55e3a8b0-1329-4488-a7a3-c7210234506f"
              },
              "type": "AppendToArrayVariable",
              "inputs": {
                "name": "varAttachments",
                "value": {
                  "name": "@{item()?['DisplayName']}",
                  "contentBytes": {
                    "$content-type": "@{body('Get_attachment_content_|_Travel_Authorization_Details')?['$content-type']}",
                    "$content": "@{body('Get_attachment_content_|_Travel_Authorization_Details')?['$content']}"
                  }
                }
              }
            }
          },
          "runAfter": {
            "Get_attachments_|_Travel_Authorization_Details": [
              "Succeeded"
            ]
          },
          "metadata": {
            "operationMetadataId": "5432aa32-5490-4607-8cd4-8d9f030d2f43"
          },
          "type": "Foreach"
        },
        "Create_HTML_table_|_Travel_Authorization_Family_Data": {
          "runAfter": {
            "For_each_|_Attachment": [
              "Succeeded"
            ]
          },
          "metadata": {
            "operationMetadataId": "85e2015e-6599-474e-9ca5-80dc93a93df1"
          },
          "type": "Table",
          "inputs": {
            "from": "@outputs('Get_items_|_Travel_Authorization_Family_Data')?['body/value']",
            "format": "HTML",
            "columns": [
              {
                "header": "S.No",
                "value": "@item()?['SerialNumber']"
              },
              {
                "header": "Name & Surname",
                "value": "@item()?['NameAndSurName']"
              },
              {
                "header": "No.of  Contractual Flight",
                "value": "@item()?['NumberofContractualFlight']"
              },
              {
                "header": "Family Relationship",
                "value": "@item()?['FamilyRelationship']"
              }
            ]
          }
        },
        "Create_HTML_table_|_Travel_Authorization_Flight_Details": {
          "runAfter": {
            "Create_HTML_table_|_Travel_Authorization_Family_Data": [
              "Succeeded"
            ]
          },
          "metadata": {
            "operationMetadataId": "58eb5f8d-19d8-44a2-91a8-8399eb9bf7d4"
          },
          "type": "Table",
          "inputs": {
            "from": "@outputs('Get_items_|_Travel_Authorization_Flight_Details')?['body/value']",
            "format": "HTML",
            "columns": [
              {
                "header": "S.No",
                "value": "@item()?['SerialNumber']"
              },
              {
                "header": "From",
                "value": "@item()?['FlightFrom']"
              },
              {
                "header": "To",
                "value": "@item()?['FlightTo']"
              },
              {
                "header": "Date",
                "value": "@if(equals(item()?['FlightDate'],null),null,formatDateTime(item()?['FlightDate'],'dd/MM/yyyy'))"
              },
              {
                "header": "Economy",
                "value": "@item()?['Economy']"
              },
              {
                "header": "Business",
                "value": "@item()?['Business']"
              },
              {
                "header": "Remarks",
                "value": "@item()?['Remarks']"
              }
            ]
          }
        },
        "Compose_|_Html_table_Style": {
          "runAfter": {
            "Get_items_|_Travel_Authorization_Details": [
              "Succeeded"
            ]
          },
          "metadata": {
            "operationMetadataId": "b62cfa73-093b-47af-8f5a-94a15aed1c6b"
          },
          "type": "Compose",
          "inputs": "<style>\ntable {\n  border: 1px solid #1C6EA4;\n  background-color: #EEEEEE;\n  width: 100%;\n  text-align: left;\n  border-collapse: collapse;\n}\ntable td, table th {\n  border: 1px solid #AAAAAA;\n  padding: 3px 2px;\n}\ntable tbody td {\n  font-size: 13px;\n}\ntable thead {\n  background: #ffd700;\n  border-bottom: 2px solid #444444;\n}\ntable thead th {\n  font-size: 15px;\n  font-weight: bold;\n  color: #000000;\n  border-left: 2px solid #D0E4F5;\n}\ntable thead th:first-child {\n  border-left: none;\n}\n</style>"
        },
        "Compose_|_For_External_Requester": {
          "runAfter": {
            "Set_variable_|_var_Approvers": [
              "Succeeded"
            ]
          },
          "metadata": {
            "operationMetadataId": "64cd29fa-d958-4378-939c-0cea3f9b1759"
          },
          "type": "Compose",
          "inputs": "@{if(equals(triggerBody()?['IsExternalRequester'],true),concat('<b>External Requester Name: </b>',triggerBody()?['ExternalRequesterName']),concat('<b>External Requester Name: </b>'))}\n<br>\n<br>\n@{if(equals(triggerBody()?['IsExternalRequester'],true),concat('<b>Company name: </b>',triggerBody()?['CompanyName']),concat('<b>Company name: </b>'))}"
        },
        "Select_|_Line_Manager_Name": {
          "runAfter": {
            "Compose_|_Html_table_Style": [
              "Succeeded"
            ]
          },
          "metadata": {
            "operationMetadataId": "7d21cb1a-1293-4070-8ae1-aaea51f7839d"
          },
          "type": "Select",
          "inputs": {
            "from": "@triggerBody()?['LineManager']",
            "select": "@item()?['DisplayName']"
          }
        },
        "Join_|_Line_Manager_Name": {
          "runAfter": {
            "Select_|_Line_Manager_Name": [
              "Succeeded"
            ]
          },
          "metadata": {
            "operationMetadataId": "cf1ad3f3-3bd4-4a05-9c1f-696a8ec81f05"
          },
          "type": "Join",
          "inputs": {
            "from": "@body('Select_|_Line_Manager_Name')",
            "joinWith": ","
          }
        },
        "Set_variable_|_var_Approvers": {
          "runAfter": {
            "Join_|_Line_Manager_Name": [
              "Succeeded"
            ]
          },
          "metadata": {
            "operationMetadataId": "c8338b7d-7676-4233-9240-ccce9f6246d6"
          },
          "type": "SetVariable",
          "inputs": {
            "name": "varApprovers",
            "value": "@body('Join_|_Line_Manager_Name')"
          }
        },
        "Get_items_|_Travel_Authorization_Details": {
          "runAfter": {
            "Create_HTML_table_|_Travel_Authorization_Flight_Details": [
              "Succeeded"
            ]
          },
          "metadata": {
            "operationMetadataId": "f9f257c2-bda3-4b47-873d-e95a004d705d"
          },
          "type": "OpenApiConnection",
          "inputs": {
            "host": {
              "connectionName": "shared_sharepointonline_1",
              "operationId": "GetItems",
              "apiId": "/providers/Microsoft.PowerApps/apis/shared_sharepointonline"
            },
            "parameters": {
              "dataset": "@parameters('TravelAuthoization - https://szg52.sharepoint.com/sites/TravelAuthoization (tsinfo_shared_sharepointonline_97cead528c0b49b495a0177fcac23f47)')",
              "table": "@parameters('Travel Authorization Details (new_shared_sharepointonline_208b5b4be59f4d7589c6fc944e9c86ec)')",
              "$filter": "RequesterID eq '@{body('Update_item_|_Travel_Authorization_Details')?['RequesterID']}'"
            },
            "authentication": "@parameters('$authentication')"
          }
        },
        "Create_HTML_table_|_Hotel_Accomodation": {
          "runAfter": {
            "Compose_|_For_External_Requester": [
              "Succeeded"
            ]
          },
          "metadata": {
            "operationMetadataId": "6bc5ec75-1b62-47dc-9966-5d2b186ea878"
          },
          "type": "Table",
          "inputs": {
            "from": "@outputs('Get_items_|_Travel_Authorization_Details')?['body/value']",
            "format": "HTML",
            "columns": [
              {
                "header": "Hotel",
                "value": "@item()?['HotelName']"
              },
              {
                "header": "From",
                "value": "@if(equals(item()?['StayFrom'],null),null,formatDateTime(item()?['StayFrom'],'dd/MM/yyyy'))"
              },
              {
                "header": "To",
                "value": "@if(equals(item()?['StayTo'],null),null,formatDateTime(item()?['StayTo'],'dd/MM/yyyy'))"
              }
            ]
          }
        },
        "Send_an_email_(V2)_|_Requester": {
          "runAfter": {
            "Create_HTML_table_|_Rental_Car_Request": [
              "Succeeded"
            ]
          },
          "metadata": {
            "operationMetadataId": "503ade4a-6c4e-48f1-9bfc-51aacb6b0dad"
          },
          "type": "OpenApiConnection",
          "inputs": {
            "host": {
              "connectionName": "shared_office365",
              "operationId": "SendEmailV2",
              "apiId": "/providers/Microsoft.PowerApps/apis/shared_office365"
            },
            "parameters": {
              "emailMessage/To": "@triggerBody()?['RequesterName']?['Email']",
              "emailMessage/Subject": "New Travel Authorization Form Submitted - Request ID: @{outputs('Compose_|_Travel_Requester_ID')}",
              "emailMessage/Body": "<p class=\"editor-paragraph\">Dear @{triggerBody()?['RequesterName']?['DisplayName']},</p><p class=\"editor-paragraph\">Thank you for submitting your travel request form. Below are the details you have provided:</p><p class=\"editor-paragraph\"><b><strong style=\"font-size: 19px;\" class=\"editor-text-bold\">Personal Information</strong></b></p><p class=\"editor-paragraph\"><b><strong class=\"editor-text-bold\">Name</strong></b>: @{triggerBody()?['RequesterName']?['DisplayName']}</p><p class=\"editor-paragraph\"><b><strong class=\"editor-text-bold\">ID No</strong></b>: @{triggerBody()?['IDNo']}</p><p class=\"editor-paragraph\"><b><strong class=\"editor-text-bold\">Position</strong></b>: @{triggerBody()?['Position']}</p><p class=\"editor-paragraph\"><b><strong class=\"editor-text-bold\">Department</strong></b>: @{triggerBody()?['Department']?['Value']}</p><p class=\"editor-paragraph\"><b><strong class=\"editor-text-bold\">Line Manager</strong></b>: @{variables('varApprovers')}</p><p class=\"editor-paragraph\"><b><strong class=\"editor-text-bold\">Destination</strong></b>: @{triggerBody()?['Destination']}</p><p class=\"editor-paragraph\">@{outputs('Compose_|_For_External_Requester')}</p><p class=\"editor-paragraph\"><b><strong style=\"font-size: 19px;\" class=\"editor-text-bold\">Travel Reason</strong></b></p><p class=\"editor-paragraph\"><b><strong class=\"editor-text-bold\">Travel Reason Type</strong></b>: @{triggerBody()?['TravelReasonType']?['Value']}</p><p class=\"editor-paragraph\"><b><strong class=\"editor-text-bold\">Travel Reason</strong></b>: @{triggerBody()?['TravelReason']}</p><p class=\"editor-paragraph\"><b><strong class=\"editor-text-bold\">Remarks</strong></b>: @{triggerBody()?['MoreInformation']}</p><p class=\"editor-paragraph\"><b><strong style=\"font-size: 19px;\" class=\"editor-text-bold\">Hotel Accomodation</strong></b></p><p class=\"editor-paragraph\">@{body('Create_HTML_table_|_Hotel_Accomodation')}</p><p class=\"editor-paragraph\"><b><strong class=\"editor-text-bold\">Additional Hotel Accomodation</strong></b>: @{triggerBody()?['AdtHotelAccommodationDetails']}</p><p class=\"editor-paragraph\"><b><strong style=\"font-size: 19px;\" class=\"editor-text-bold\">Rental Car Request</strong></b></p><p class=\"editor-paragraph\">@{body('Create_HTML_table_|_Rental_Car_Request')}</p><p class=\"editor-paragraph\"><b><strong class=\"editor-text-bold\">Additional Rental Car</strong></b>: @{triggerBody()?['AdtRentalCarRequestDetails']}</p><p class=\"editor-paragraph\"><b><strong style=\"font-size: 19px;\" class=\"editor-text-bold\">Travel Authorization Flight Details</strong></b></p><p class=\"editor-paragraph\">@{outputs('Compose_|_Html_table_Style')}</p><p class=\"editor-paragraph\">@{body('Create_HTML_table_|_Travel_Authorization_Flight_Details')}</p><p class=\"editor-paragraph\"><b><strong style=\"font-size: 19px;\" class=\"editor-text-bold\">Travel Authorization Family Details</strong></b></p><p class=\"editor-paragraph\">@{body('Create_HTML_table_|_Travel_Authorization_Family_Data')}</p>",
              "emailMessage/Attachments": "@variables('varAttachments')",
              "emailMessage/Importance": "Normal"
            },
            "authentication": "@parameters('$authentication')"
          }
        },
        "Create_HTML_table_|_Rental_Car_Request": {
          "runAfter": {
            "Create_HTML_table_|_Hotel_Accomodation": [
              "Succeeded"
            ]
          },
          "metadata": {
            "operationMetadataId": "877d7be8-1459-428b-b607-ffce0032c040"
          },
          "type": "Table",
          "inputs": {
            "from": "@outputs('Get_items_|_Travel_Authorization_Details')?['body/value']",
            "format": "HTML",
            "columns": [
              {
                "header": "Start Date",
                "value": "@if(equals(item()?['RentalCarStartDate'],null),null,formatDateTime(item()?['RentalCarStartDate'],'dd/MM/yyyy'))"
              },
              {
                "header": "Delivery At",
                "value": "@item()?['RentalCarDeliveryLocation']"
              },
              {
                "header": "Time",
                "value": "@item()?['RentalCarDeliveryTime']"
              },
              {
                "header": "Return Date",
                "value": "@if(equals(item()?['RentalCarReturnDate'],null),null,formatDateTime(item()?['RentalCarReturnDate'],'dd/MM/yyyy'))"
              },
              {
                "header": "Delivery At",
                "value": "@item()?['RentalCarReturnLocation']"
              },
              {
                "header": "Time",
                "value": "@item()?['RentalCarReturnTime']"
              }
            ]
          }
        }
      },
      "outputs": {}
    },
    "templateName": ""
  },
  "schemaVersion": "1.0.0.0"
}