<environmentvariabledefinition schemaname="tsinfo_shared_sharepointonline_97cead528c0b49b495a0177fcac23f47">
  <apiid>/providers/microsoft.powerapps/apis/shared_sharepointonline</apiid>
  <displayname default="TravelAuthoization - https://szg52.sharepoint.com/sites/TravelAuthoization">
    <label description="TravelAuthoization - https://szg52.sharepoint.com/sites/TravelAuthoization" languagecode="1033" />
  </displayname>
  <introducedversion>1.0.0.0</introducedversion>
  <iscustomizable>1</iscustomizable>
  <isrequired>0</isrequired>
  <parameterkey>dataset</parameterkey>
  <secretstore>0</secretstore>
  <type>100000004</type>
</environmentvariabledefinition>